{"cameraMode":{"drawMode":0,"name":"Shaded","section":"Shading Mode"},"sceneLighting":false,"audioPlay":false,"sceneViewState":{"showFog":true,"showMaterialUpdate":false,"showSkybox":true,"showFlares":true,"showImageEffects":true,"showParticleSystems":true},"in2DMode":false,"pivot":{"x":-13.323532104492188,"y":-38.742095947265628,"z":124.20526123046875},"rotation":{"x":0.2877436876296997,"y":-0.2880048453807831,"z":0.09113804250955582,"w":0.9088183045387268},"size":198.78919982910157,"orthographic":false}